Tip,test,,,Tilt,test,,,,,
Desired,Actual,Error,,Desired,Actual,Error,,,,
2129,2129,0,,47,46.71,-0.29,,,,
1756,1756.41,0.41,,297,297.26,0.26,,,,
744,743.82,-0.18,,1813,1812.61,-0.39,,,,
1298,1297.78,-0.22,,112,111.92,-0.08,,,,
1727,1727.18,0.18,,574,573.6,-0.4,,,,
1638,1637.88,-0.12,,1425,1425.08,0.08,,,,
2136,2136.2,0.2,,2061,2061.15,0.15,,,,
2003,2002.77,-0.23,,1114,1114.19,0.19,,,,
525,525.48,0.48,,1209,1208.7,-0.3,,,,
1934,1934.11,0.11,,2090,2089.86,-0.14,,,,
2200,2200.31,0.31,,1487,1486.71,-0.29,,,,
67,66.6,-0.4,,152,152.22,0.22,,,,
409,408.94,-0.06,,360,359.91,-0.09,,,,
693,693.2,0.2,,1667,1666.95,-0.05,,,,
2148,2147.69,-0.31,,1650,1650.03,0.03,,,,
1817,1817.01,0.01,,2138,2138.22,0.22,,,,
1621,1620.96,-0.04,,1175,1174.93,-0.07,,,,
548,548.34,0.34,,1729,1728.91,-0.09,,,,
679,678.83,-0.17,,2241,2241.01,0.01,,,,
540,539.65,-0.35,,1698,1697.97,-0.03,,,,
1688,1688.46,0.46,,147,146.68,-0.32,,,,
1972,1971.75,-0.25,,39,39.09,0.09,,Mean,-0.00773,-0.05741
110,110.03,0.03,,1546,1546.36,0.36,,STD,0.225676931,0.205048865
21,21.05,0.05,,1503,1503.12,0.12,,,,
1421,1420.65,-0.35,,506,505.98,-0.02,,,,
103,102.73,-0.27,,1474,1473.8,-0.2,,,,
1525,1524.91,-0.09,,891,891.08,0.08,,,,
2053,2052.9,-0.1,,930,929.8,-0.2,,,,
1066,1066.32,0.32,,527,527.19,0.19,,,,
692,691.83,-0.17,,1318,1318.08,0.08,,,,
958,957.62,-0.38,,820,819.98,-0.02,,,,
984,983.95,-0.05,,256,256.16,0.16,,,,
1206,1206.14,0.14,,2006,2006.34,0.34,,,,
1794,1793.58,-0.42,,1149,1148.68,-0.32,,,,
175,175.14,0.14,,564,563.88,-0.12,,,,
1053,1052.79,-0.21,,781,781.11,0.11,,,,
1166,1166,0,,228,228.04,0.04,,,,
1589,1588.95,-0.05,,2280,2280.05,0.05,,,,
694,694.15,0.15,,2124,2124.29,0.29,,,,
492,492.22,0.22,,835,834.79,-0.21,,,,
1007,1007.11,0.11,,1327,1326.95,-0.05,,,,
468,467.99,-0.01,,1445,1444.96,-0.04,,,,
110,110.19,0.19,,1180,1179.83,-0.17,,,,
79,78.88,-0.12,,1698,1697.83,-0.17,,,,
1817,1817.19,0.19,,786,785.99,-0.01,,,,
914,914.26,0.26,,433,432.77,-0.23,,,,
2044,2044.01,0.01,,1871,1870.83,-0.17,,,,
1334,1334.04,0.04,,565,565.23,0.23,,,,
784,784.05,0.05,,591,590.93,-0.07,,,,
19,18.95,-0.05,,1188,1187.65,-0.35,,,,
164,163.75,-0.25,,1060,1059.8,-0.2,,,,
1295,1295.22,0.22,,680,680.01,0.01,,,,
1477,1476.93,-0.07,,1885,1884.74,-0.26,,,,
1462,1462.44,0.44,,2079,2078.51,-0.49,,,,
2087,2087.07,0.07,,2286,2286.08,0.08,,,,
494,493.93,-0.07,,2066,2066.07,0.07,,,,
199,199.03,0.03,,1533,1532.83,-0.17,,,,
1258,1257.56,-0.44,,644,644.05,0.05,,,,
860,859.95,-0.05,,1040,1039.69,-0.31,,,,
1762,1762.4,0.4,,1132,1131.69,-0.31,,,,
1608,1607.94,-0.06,,1024,1023.92,-0.08,,,,
1273,1272.9,-0.1,,1854,1853.88,-0.12,,,,
592,591.86,-0.14,,1553,1552.83,-0.17,,,,
2287,2286.6,-0.4,,2067,2066.63,-0.37,,,,
1260,1259.98,-0.02,,2220,2219.8,-0.2,,,,
1141,1140.92,-0.08,,211,211,0,,,,
38,38.04,0.04,,546,545.62,-0.38,,,,
1278,1277.86,-0.14,,2183,2183.05,0.05,,,,
778,777.89,-0.11,,1831,1831.1,0.1,,,,
2073,2072.92,-0.08,,1675,1674.77,-0.23,,,,
70,69.99,-0.01,,1354,1354.14,0.14,,,,
2201,2200.87,-0.13,,1067,1066.7,-0.3,,,,
1081,1081.07,0.07,,834,833.87,-0.13,,,,
1395,1395.17,0.17,,1855,1854.76,-0.24,,,,
1318,1318.24,0.24,,1537,1536.7,-0.3,,,,
303,303.21,0.21,,1975,1974.99,-0.01,,,,
977,977.42,0.42,,95,94.85,-0.15,,,,
163,163.08,0.08,,2124,2124.33,0.33,,,,
262,261.52,-0.48,,66,66.16,0.16,,,,
680,679.75,-0.25,,1620,1620.32,0.32,,,,
997,997.23,0.23,,839,838.6,-0.4,,,,
1266,1265.56,-0.44,,2093,2093.08,0.08,,,,
2114,2114.23,0.23,,1246,1245.67,-0.33,,,,
1217,1216.94,-0.06,,909,908.63,-0.37,,,,
1499,1498.98,-0.02,,658,658.1,0.1,,,,
1350,1350.41,0.41,,396,396.06,0.06,,,,
1569,1569.08,0.08,,187,186.85,-0.15,,,,
739,738.94,-0.06,,973,972.9,-0.1,,,,
2076,2076.39,0.39,,1212,1211.68,-0.32,,,,
1513,1513.22,0.22,,1053,1053.03,0.03,,,,
528,527.74,-0.26,,1290,1289.88,-0.12,,,,
1053,1052.91,-0.09,,976,975.9,-0.1,,,,
1825,1825.09,0.09,,2261,2261.2,0.2,,,,
22,22.15,0.15,,722,722.17,0.17,,,,
1463,1462.76,-0.24,,131,130.93,-0.07,,,,
2204,2203.77,-0.23,,1752,1751.71,-0.29,,,,
375,374.93,-0.07,,653,653.02,0.02,,,,
402,401.95,-0.05,,155,154.88,-0.12,,,,
2182,2182.36,0.36,,801,801.31,0.31,,,,
2242,2241.77,-0.23,,1665,1665.05,0.05,,,,
2010,2010.01,0.01,,293,292.72,-0.28,,,,
1268,1268.17,0.17,,1222,1222.04,0.04,,,,
1466,1465.78,-0.22,,1783,1783.22,0.22,,,,
228,228.44,0.44,,640,640.08,0.08,,,,
349,349.03,0.03,,1388,1387.69,-0.31,,,,
921,921.09,0.09,,1363,1362.93,-0.07,,,,
356,355.96,-0.04,,413,412.83,-0.17,,,,
1614,1613.69,-0.31,,322,321.81,-0.19,,,,
1297,1297.13,0.13,,817,816.87,-0.13,,,,
1973,1973.1,0.1,,534,533.66,-0.34,,,,
2186,2186.05,0.05,,375,374.83,-0.17,,,,
1526,1525.98,-0.02,,1195,1194.57,-0.43,,,,
147,147.22,0.22,,1878,1877.68,-0.32,,,,
796,795.73,-0.27,,1213,1212.91,-0.09,,,,
423,422.91,-0.09,,826,825.92,-0.08,,,,
1064,1064.06,0.06,,461,460.97,-0.03,,,,
2203,2203.43,0.43,,1451,1450.92,-0.08,,,,
255,255.27,0.27,,743,742.75,-0.25,,,,
1250,1249.7,-0.3,,610,609.9,-0.1,,,,
2210,2209.86,-0.14,,2128,2127.81,-0.19,,,,
79,78.98,-0.02,,356,355.94,-0.06,,,,
450,449.88,-0.12,,1291,1291.15,0.15,,,,
888,887.91,-0.09,,1495,1495.25,0.25,,,,
1246,1245.79,-0.21,,1168,1167.92,-0.08,,,,
2294,2293.62,-0.38,,1742,1741.84,-0.16,,,,
1439,1439.01,0.01,,327,327.08,0.08,,,,
814,813.97,-0.03,,448,447.67,-0.33,,,,
696,695.92,-0.08,,244,244.12,0.12,,,,
665,664.79,-0.21,,45,44.69,-0.31,,,,
2137,2137.15,0.15,,501,501.47,0.47,,,,
1554,1554.02,0.02,,39,38.97,-0.03,,,,
2173,2172.87,-0.13,,1808,1807.98,-0.02,,,,
2263,2263.38,0.38,,1773,1772.78,-0.22,,,,
307,306.98,-0.02,,1939,1938.79,-0.21,,,,
450,450.21,0.21,,146,145.75,-0.25,,,,
864,863.76,-0.24,,1294,1293.81,-0.19,,,,
954,954.15,0.15,,1711,1711.05,0.05,,,,
1670,1669.51,-0.49,,1918,1917.78,-0.22,,,,
1342,1342.49,0.49,,2119,2118.92,-0.08,,,,
1253,1252.93,-0.07,,1011,1010.96,-0.04,,,,
1462,1462.07,0.07,,585,585.09,0.09,,,,
1741,1741.39,0.39,,284,283.71,-0.29,,,,
1922,1921.65,-0.35,,1276,1275.79,-0.21,,,,
2118,2118.26,0.26,,241,240.98,-0.02,,,,
1395,1394.78,-0.22,,21,20.68,-0.32,,,,
1546,1545.59,-0.41,,2217,2217.04,0.04,,,,
1316,1315.88,-0.12,,794,793.97,-0.03,,,,
311,311.05,0.05,,135,134.66,-0.34,,,,
698,698.06,0.06,,2215,2215.28,0.28,,,,
1678,1678.05,0.05,,1980,1980.11,0.11,,,,
2277,2277.27,0.27,,1193,1192.89,-0.11,,,,
1200,1200.15,0.15,,1761,1760.85,-0.15,,,,
1849,1849.02,0.02,,2035,2035.08,0.08,,,,
400,399.99,-0.01,,516,515.76,-0.24,,,,
1190,1189.77,-0.23,,1364,1363.66,-0.34,,,,
2050,2050.26,0.26,,632,631.98,-0.02,,,,
1432,1431.69,-0.31,,697,696.81,-0.19,,,,
59,58.78,-0.22,,664,664.11,0.11,,,,
810,809.68,-0.32,,1522,1521.9,-0.1,,,,
64,63.9,-0.1,,1691,1691.04,0.04,,,,
1374,1374.4,0.4,,2132,2132.23,0.23,,,,
917,916.86,-0.14,,1829,1828.9,-0.1,,,,
1848,1847.89,-0.11,,1506,1505.57,-0.43,,,,
2176,2175.79,-0.21,,843,842.68,-0.32,,,,
446,446.07,0.07,,1519,1519.5,0.5,,,,
1661,1660.78,-0.22,,978,978.02,0.02,,,,
476,475.89,-0.11,,1451,1451.11,0.11,,,,
476,475.89,-0.11,,988,987.8,-0.2,,,,
1864,1864,0,,860,859.93,-0.07,,,,
1699,1699.16,0.16,,625,625.14,0.14,,,,
2271,2271.18,0.18,,2154,2153.56,-0.44,,,,
1885,1884.64,-0.36,,1132,1131.75,-0.25,,,,
2246,2245.52,-0.48,,1545,1545.17,0.17,,,,
340,339.78,-0.22,,2100,2099.87,-0.13,,,,
801,801.03,0.03,,515,514.97,-0.03,,,,
1798,1798.36,0.36,,1851,1851.42,0.42,,,,
1555,1555.06,0.06,,444,443.86,-0.14,,,,
1767,1767.17,0.17,,1933,1932.9,-0.1,,,,
1502,1502.07,0.07,,284,283.71,-0.29,,,,
1861,1860.67,-0.33,,1581,1580.83,-0.17,,,,
853,852.86,-0.14,,2051,2051.07,0.07,,,,
1425,1425.06,0.06,,1732,1732.02,0.02,,,,
1901,1900.63,-0.37,,1915,1914.9,-0.1,,,,
1781,1781.1,0.1,,525,525.2,0.2,,,,
151,150.77,-0.23,,2129,2128.84,-0.16,,,,
941,941.11,0.11,,1759,1759.05,0.05,,,,
238,237.83,-0.17,,1078,1077.69,-0.31,,,,
1124,1123.61,-0.39,,2223,2223.14,0.14,,,,
1140,1140.06,0.06,,1607,1607.03,0.03,,,,
1896,1896.15,0.15,,1041,1041.1,0.1,,,,
1299,1299.07,0.07,,1886,1885.89,-0.11,,,,
928,928.07,0.07,,987,986.81,-0.19,,,,
260,260.13,0.13,,437,436.88,-0.12,,,,
2263,2263.16,0.16,,65,64.63,-0.37,,,,
473,472.78,-0.22,,1868,1867.93,-0.07,,,,
1473,1473.42,0.42,,1101,1100.55,-0.45,,,,
973,972.92,-0.08,,1757,1756.79,-0.21,,,,
2085,2085.14,0.14,,1394,1394.16,0.16,,,,
479,478.89,-0.11,,1431,1431.15,0.15,,,,
1312,1312.25,0.25,,492,491.91,-0.09,,,,
665,664.73,-0.27,,938,938.05,0.05,,,,
1692,1692,0,,718,718.13,0.13,,,,
1961,1960.5,-0.5,,1546,1545.83,-0.17,,,,
474,474.33,0.33,,1671,1670.92,-0.08,,,,
175,175.46,0.46,,1569,1568.77,-0.23,,,,
1334,1333.98,-0.02,,920,919.96,-0.04,,,,
1609,1608.59,-0.41,,1838,1838.44,0.44,,,,
860,859.87,-0.13,,585,585.13,0.13,,,,
1315,1315.16,0.16,,1021,1021.02,0.02,,,,
1692,1691.92,-0.08,,940,939.76,-0.24,,,,
1609,1608.99,-0.01,,1370,1370.41,0.41,,,,
2211,2210.85,-0.15,,561,561.22,0.22,,,,
683,683.24,0.24,,1156,1155.94,-0.06,,,,
269,268.98,-0.02,,449,448.83,-0.17,,,,
1450,1450.2,0.2,,12,11.87,-0.13,,,,
2207,2206.68,-0.32,,657,657.13,0.13,,,,
1115,1114.82,-0.18,,2133,2133,0,,,,
932,931.78,-0.22,,2265,2265.14,0.14,,,,
192,192.44,0.44,,508,507.8,-0.2,,,,
1246,1245.79,-0.21,,43,43.02,0.02,,,,
61,60.96,-0.04,,1416,1415.83,-0.17,,,,
1946,1945.68,-0.32,,1501,1500.96,-0.04,,,,
2143,2143.44,0.44,,323,322.68,-0.32,,,,
1737,1737.06,0.06,,59,58.72,-0.28,,,,
608,608.31,0.31,,1216,1216.4,0.4,,,,
894,894.04,0.04,,826,825.84,-0.16,,,,
1252,1252,0,,1000,999.95,-0.05,,,,
1887,1886.74,-0.26,,1048,1047.91,-0.09,,,,
874,873.92,-0.08,,171,170.83,-0.17,,,,
1406,1406.39,0.39,,219,218.98,-0.02,,,,
1592,1592.02,0.02,,1384,1383.74,-0.26,,,,
35,34.85,-0.15,,1162,1162.11,0.11,,,,
1522,1521.94,-0.06,,1361,1360.84,-0.16,,,,
2119,2118.92,-0.08,,890,889.69,-0.31,,,,
1451,1451.35,0.35,,1018,1017.91,-0.09,,,,
1617,1616.99,-0.01,,603,602.93,-0.07,,,,
1630,1629.89,-0.11,,110,109.87,-0.13,,,,
687,687.03,0.03,,1983,1982.79,-0.21,,,,
903,903.33,0.33,,2011,2011.01,0.01,,,,
652,652.48,0.48,,1801,1801.08,0.08,,,,
1169,1168.84,-0.16,,1301,1301.02,0.02,,,,
370,370.07,0.07,,1746,1745.85,-0.15,,,,
1394,1393.96,-0.04,,445,445.02,0.02,,,,
2282,2282.05,0.05,,852,851.53,-0.47,,,,
944,944.09,0.09,,1106,1106.41,0.41,,,,
84,83.92,-0.08,,235,235.01,0.01,,,,
89,88.92,-0.08,,461,460.99,-0.01,,,,
1030,1029.63,-0.37,,755,754.88,-0.12,,,,
1461,1461.04,0.04,,1651,1650.66,-0.34,,,,
1072,1072.24,0.24,,1094,1093.67,-0.33,,,,
377,376.85,-0.15,,1162,1162.11,0.11,,,,
868,867.89,-0.11,,70,70.15,0.15,,,,
1880,1880.29,0.29,,233,232.65,-0.35,,,,
1328,1327.88,-0.12,,1928,1928.32,0.32,,,,
129,129.36,0.36,,293,293.17,0.17,,,,
743,743.11,0.11,,1300,1299.69,-0.31,,,,
1733,1732.88,-0.12,,1847,1847.02,0.02,,,,
1779,1779.01,0.01,,243,242.99,-0.01,,,,
1130,1129.78,-0.22,,2287,2286.87,-0.13,,,,
160,160.3,0.3,,2032,2031.62,-0.38,,,,
452,452.12,0.12,,1228,1227.71,-0.29,,,,
1194,1193.68,-0.32,,530,529.81,-0.19,,,,
1818,1818.2,0.2,,1973,1972.87,-0.13,,,,
2018,2017.71,-0.29,,1930,1929.77,-0.23,,,,
1730,1729.82,-0.18,,625,625.08,0.08,,,,
1539,1538.98,-0.02,,1185,1184.81,-0.19,,,,
1288,1288.12,0.12,,1325,1324.85,-0.15,,,,
464,463.71,-0.29,,67,66.62,-0.38,,,,
684,684.09,0.09,,842,842.39,0.39,,,,
424,424.02,0.02,,2037,2036.52,-0.48,,,,
871,871.16,0.16,,385,384.99,-0.01,,,,
565,565.47,0.47,,266,265.83,-0.17,,,,
1092,1092.16,0.16,,900,899.85,-0.15,,,,
1982,1982.21,0.21,,2260,2260.12,0.12,,,,
1309,1308.89,-0.11,,1150,1150.1,0.1,,,,
1722,1722.2,0.2,,566,565.88,-0.12,,,,
642,642.18,0.18,,2262,2261.97,-0.03,,,,
1374,1374.14,0.14,,194,193.87,-0.13,,,,
9,9.21,0.21,,43,43,0,,,,
716,715.68,-0.32,,463,462.8,-0.2,,,,
1365,1365.03,0.03,,1448,1447.5,-0.5,,,,
2048,2047.78,-0.22,,1245,1245.1,0.1,,,,
2003,2002.81,-0.19,,89,89.1,0.1,,,,
1068,1067.87,-0.13,,1779,1779.01,0.01,,,,
816,815.99,-0.01,,580,580.11,0.11,,,,
2049,2049.05,0.05,,1948,1948.28,0.28,,,,
1335,1335.33,0.33,,287,286.5,-0.5,,,,
1477,1476.91,-0.09,,615,615.12,0.12,,,,
185,185.32,0.32,,2260,2260.2,0.2,,,,
560,560.25,0.25,,1618,1618.18,0.18,,,,
872,871.6,-0.4,,1442,1441.95,-0.05,,,,
1852,1852.16,0.16,,613,613.11,0.11,,,,
778,778.05,0.05,,749,749.02,0.02,,,,
236,235.96,-0.04,,2216,2216.19,0.19,,,,
1314,1313.56,-0.44,,1240,1239.68,-0.32,,,,
294,294.18,0.18,,591,590.81,-0.19,,,,
692,691.95,-0.05,,2060,2059.92,-0.08,,,,
1400,1400.21,0.21,,1355,1354.93,-0.07,,,,
1543,1542.61,-0.39,,888,887.79,-0.21,,,,
904,904.04,0.04,,1888,1888.21,0.21,,,,
614,613.87,-0.13,,522,521.87,-0.13,,,,
35,34.85,-0.15,,1509,1509,0,,,,
1099,1098.83,-0.17,,307,306.67,-0.33,,,,
980,979.51,-0.49,,399,398.9,-0.1,,,,
1818,1818.26,0.26,,2063,2062.88,-0.12,,,,
910,909.94,-0.06,,1067,1067.08,0.08,,,,
2139,2138.82,-0.18,,84,83.7,-0.3,,,,
2124,2123.9,-0.1,,360,359.93,-0.07,,,,
939,938.91,-0.09,,1329,1328.84,-0.16,,,,
1390,1390.33,0.33,,2085,2085.06,0.06,,,,
555,555.21,0.21,,1099,1099.11,0.11,,,,
1487,1486.59,-0.41,,658,658.1,0.1,,,,
1135,1135.04,0.04,,371,370.86,-0.14,,,,
549,549.1,0.1,,719,718.62,-0.38,,,,
1734,1733.69,-0.31,,2035,2034.58,-0.42,,,,
1927,1926.91,-0.09,,2189,2189,0,,,,
2112,2112.19,0.19,,174,174.01,0.01,,,,
880,879.95,-0.05,,1691,1691.44,0.44,,,,
1924,1923.61,-0.39,,1754,1754.11,0.11,,,,
808,808.02,0.02,,32,31.79,-0.21,,,,
28,28.08,0.08,,2254,2253.91,-0.09,,,,
1418,1418.43,0.43,,1166,1166.1,0.1,,,,
449,448.87,-0.13,,1791,1791.22,0.22,,,,
1644,1643.68,-0.32,,1042,1042.07,0.07,,,,
353,352.98,-0.02,,1342,1341.72,-0.28,,,,
610,610.02,0.02,,1257,1256.94,-0.06,,,,
1482,1481.79,-0.21,,1828,1828.03,0.03,,,,
364,364.01,0.01,,831,830.68,-0.32,,,,
1970,1969.77,-0.23,,1736,1736.07,0.07,,,,
1212,1212.21,0.21,,729,729.06,0.06,,,,
1339,1338.78,-0.22,,2175,2174.86,-0.14,,,,
715,715.03,0.03,,597,597.14,0.14,,,,
353,353.02,0.02,,898,898.11,0.11,,,,
568,567.89,-0.11,,920,919.9,-0.1,,,,
906,905.91,-0.09,,831,830.72,-0.28,,,,
778,778.03,0.03,,567,566.82,-0.18,,,,
1947,1946.71,-0.29,,1302,1301.75,-0.25,,,,
1038,1037.95,-0.05,,1919,1918.71,-0.29,,,,
931,931.27,0.27,,339,338.65,-0.35,,,,
807,807.2,0.2,,2255,2254.73,-0.27,,,,
1294,1293.57,-0.43,,1980,1980.09,0.09,,,,
659,658.75,-0.25,,712,712.45,0.45,,,,
191,190.86,-0.14,,102,101.8,-0.2,,,,
202,201.79,-0.21,,796,795.83,-0.17,,,,
1231,1230.95,-0.05,,963,962.84,-0.16,,,,
527,527.03,0.03,,1129,1128.77,-0.23,,,,
615,614.54,-0.46,,910,910.15,0.15,,,,
1161,1160.78,-0.22,,458,457.52,-0.48,,,,
1517,1517.07,0.07,,402,401.76,-0.24,,,,
839,839.23,0.23,,526,525.7,-0.3,,,,
416,415.94,-0.06,,2213,2213.07,0.07,,,,
1139,1138.67,-0.33,,1518,1517.89,-0.11,,,,
1451,1451.41,0.41,,1634,1634.09,0.09,,,,
6,6.07,0.07,,337,337.22,0.22,,,,
1605,1604.98,-0.02,,114,113.68,-0.32,,,,
1624,1624.13,0.13,,584,583.58,-0.42,,,,
392,391.78,-0.22,,1109,1108.73,-0.27,,,,
2260,2260.44,0.44,,2208,2208.13,0.13,,,,
1405,1404.94,-0.06,,1019,1018.88,-0.12,,,,
1627,1627.17,0.17,,869,868.74,-0.26,,,,
2287,2287.17,0.17,,1311,1311.02,0.02,,,,
489,488.95,-0.05,,1430,1430.22,0.22,,,,
466,466.13,0.13,,839,838.58,-0.42,,,,
1630,1629.51,-0.49,,289,289.04,0.04,,,,
2005,2004.73,-0.27,,1453,1452.82,-0.18,,,,
519,519.01,0.01,,147,146.72,-0.28,,,,
2259,2259.01,0.01,,1929,1929.09,0.09,,,,
299,298.71,-0.29,,1119,1119.19,0.19,,,,
1089,1089.28,0.28,,957,956.93,-0.07,,,,
886,885.98,-0.02,,117,116.98,-0.02,,,,
1138,1137.6,-0.4,,453,453.09,0.09,,,,
845,844.83,-0.17,,1971,1970.82,-0.18,,,,
1050,1050.31,0.31,,1020,1019.95,-0.05,,,,
131,130.85,-0.15,,480,479.84,-0.16,,,,
1405,1405.14,0.14,,1852,1851.96,-0.04,,,,
1224,1224.14,0.14,,1554,1553.81,-0.19,,,,
1575,1575.04,0.04,,1778,1777.94,-0.06,,,,
1474,1473.85,-0.15,,1435,1434.64,-0.36,,,,
700,700.07,0.07,,1817,1816.7,-0.3,,,,
676,676.04,0.04,,659,658.53,-0.47,,,,
1937,1936.97,-0.03,,900,899.99,-0.01,,,,
1519,1518.8,-0.2,,814,813.73,-0.27,,,,
2199,2198.93,-0.07,,335,334.72,-0.28,,,,
496,495.76,-0.24,,180,180.14,0.14,,,,
605,605.45,0.45,,1347,1346.82,-0.18,,,,
607,606.72,-0.28,,673,673.16,0.16,,,,
756,755.77,-0.23,,1940,1940.22,0.22,,,,
372,371.87,-0.13,,148,148.33,0.33,,,,
723,722.93,-0.07,,353,353.16,0.16,,,,
2240,2240.14,0.14,,1370,1369.87,-0.13,,,,
997,996.77,-0.23,,1018,1017.98,-0.02,,,,
926,925.63,-0.37,,1107,1107.2,0.2,,,,
194,194.29,0.29,,859,858.82,-0.18,,,,
874,874.38,0.38,,1147,1147.13,0.13,,,,
1297,1296.71,-0.29,,2229,2229.07,0.07,,,,
503,503.06,0.06,,858,857.92,-0.08,,,,
411,411.02,0.02,,1724,1723.89,-0.11,,,,
375,374.79,-0.21,,1148,1147.88,-0.12,,,,
342,342.09,0.09,,1489,1488.7,-0.3,,,,
1832,1831.92,-0.08,,1141,1140.94,-0.06,,,,
1331,1330.84,-0.16,,991,990.96,-0.04,,,,
1249,1248.83,-0.17,,113,113.07,0.07,,,,
317,316.81,-0.19,,182,181.71,-0.29,,,,
1530,1529.93,-0.07,,1444,1444.13,0.13,,,,
1159,1159.05,0.05,,943,942.72,-0.28,,,,
1765,1764.82,-0.18,,411,410.81,-0.19,,,,
1761,1761.13,0.13,,2166,2166.12,0.12,,,,
1825,1824.63,-0.37,,2195,2195.1,0.1,,,,
1848,1848.09,0.09,,2174,2173.94,-0.06,,,,
1869,1868.55,-0.45,,790,789.92,-0.08,,,,
2225,2225.36,0.36,,317,317.26,0.26,,,,
2296,2296.3,0.3,,2253,2252.8,-0.2,,,,
1353,1352.69,-0.31,,51,50.86,-0.14,,,,
859,859.33,0.33,,1662,1662.01,0.01,,,,
827,827.11,0.11,,1375,1375.03,0.03,,,,
1282,1281.61,-0.39,,618,617.99,-0.01,,,,
2273,2273.02,0.02,,1451,1451.49,0.49,,,,
1424,1423.87,-0.13,,1333,1332.71,-0.29,,,,
2041,2040.51,-0.49,,2253,2253.14,0.14,,,,
1667,1667.03,0.03,,2227,2227.02,0.02,,,,
964,963.51,-0.49,,711,710.62,-0.38,,,,
435,434.88,-0.12,,2057,2056.92,-0.08,,,,
1579,1578.55,-0.45,,210,209.91,-0.09,,,,
1174,1173.9,-0.1,,1697,1696.84,-0.16,,,,
801,800.95,-0.05,,1278,1277.92,-0.08,,,,
1219,1218.84,-0.16,,468,467.88,-0.12,,,,
1089,1089.01,0.01,,555,555.43,0.43,,,,
1679,1679.04,0.04,,2046,2046.03,0.03,,,,
968,967.88,-0.12,,1140,1139.79,-0.21,,,,
732,732.02,0.02,,1762,1761.89,-0.11,,,,
1331,1330.7,-0.3,,1649,1649.06,0.06,,,,
374,374,0,,2130,2129.65,-0.35,,,,
393,392.89,-0.11,,481,480.68,-0.32,,,,
352,351.79,-0.21,,884,883.92,-0.08,,,,
1560,1560.14,0.14,,1961,1960.9,-0.1,,,,
762,762.08,0.08,,342,342.01,0.01,,,,
157,156.94,-0.06,,283,282.95,-0.05,,,,
1275,1274.96,-0.04,,333,333.3,0.3,,,,
1853,1852.81,-0.19,,13,12.68,-0.32,,,,
1042,1042.02,0.02,,349,349.41,0.41,,,,
1599,1599.05,0.05,,995,994.89,-0.11,,,,
2193,2193.23,0.23,,1013,1013.5,0.5,,,,
752,752.02,0.02,,1113,1112.94,-0.06,,,,
995,994.81,-0.19,,2229,2228.77,-0.23,,,,
1905,1904.66,-0.34,,1311,1311.2,0.2,,,,
1216,1216.12,0.12,,1987,1986.9,-0.1,,,,
1550,1549.56,-0.44,,1622,1622.23,0.23,,,,
264,264.34,0.34,,1889,1888.69,-0.31,,,,
1022,1022.09,0.09,,1721,1720.93,-0.07,,,,
1412,1411.88,-0.12,,337,337.24,0.24,,,,
1999,1998.8,-0.2,,1957,1956.89,-0.11,,,,
1458,1458.24,0.24,,498,498.04,0.04,,,,
2078,2078.49,0.49,,1919,1918.83,-0.17,,,,
1068,1067.99,-0.01,,2118,2117.9,-0.1,,,,
467,466.98,-0.02,,1226,1225.91,-0.09,,,,
171,170.56,-0.44,,1864,1864.22,0.22,,,,
1113,1113.25,0.25,,2024,2023.96,-0.04,,,,
5,5.04,0.04,,508,507.8,-0.2,,,,
1108,1108.04,0.04,,632,631.92,-0.08,,,,
1886,1886.23,0.23,,2239,2238.99,-0.01,,,,
1084,1084,0,,422,421.84,-0.16,,,,
106,106.03,0.03,,42,41.97,-0.03,,,,
1093,1092.89,-0.11,,1022,1022.11,0.11,,,,
1769,1768.99,-0.01,,1320,1319.55,-0.45,,,,
1960,1959.93,-0.07,,1986,1985.98,-0.02,,,,
1283,1283.06,0.06,,2082,2081.91,-0.09,,,,
2294,2294.27,0.27,,581,581.22,0.22,,,,
1782,1781.55,-0.45,,357,357.23,0.23,,,,
3,2.92,-0.08,,1331,1331.18,0.18,,,,
1097,1097.08,0.08,,141,140.91,-0.09,,,,
1380,1379.99,-0.01,,494,494.13,0.13,,,,
739,738.96,-0.04,,1591,1591.17,0.17,,,,
2218,2217.86,-0.14,,605,605.1,0.1,,,,
148,147.82,-0.18,,355,354.69,-0.31,,,,
541,541.3,0.3,,1433,1432.96,-0.04,,,,
973,973.2,0.2,,980,979.73,-0.27,,,,
280,280.05,0.05,,384,384.04,0.04,,,,
1735,1734.56,-0.44,,559,559,0,,,,
864,863.8,-0.2,,1651,1651.12,0.12,,,,
282,281.74,-0.26,,1898,1897.9,-0.1,,,,
1800,1799.81,-0.19,,1711,1710.73,-0.27,,,,
1472,1471.57,-0.43,,968,967.86,-0.14,,,,
276,276.42,0.42,,1737,1737.16,0.16,,,,
1012,1011.61,-0.39,,779,778.87,-0.13,,,,
1317,1317.23,0.23,,481,480.71,-0.29,,,,
375,374.71,-0.29,,215,214.97,-0.03,,,,
1613,1612.98,-0.02,,1544,1544.06,0.06,,,,
2185,2184.84,-0.16,,1815,1815.11,0.11,,,,
247,247.35,0.35,,871,871.2,0.2,,,,
2216,2216.17,0.17,,1652,1651.69,-0.31,,,,
1579,1578.93,-0.07,,2084,2083.61,-0.39,,,,
1389,1388.74,-0.26,,923,922.62,-0.38,,,,
2117,2117.07,0.07,,497,496.79,-0.21,,,,
1789,1788.7,-0.3,,1358,1358.15,0.15,,,,
1515,1514.89,-0.11,,1545,1544.76,-0.24,,,,
1356,1355.82,-0.18,,424,424.26,0.26,,,,
670,669.77,-0.23,,1422,1422.18,0.18,,,,
1512,1512.13,0.13,,336,336.01,0.01,,,,
344,343.67,-0.33,,2205,2205,0,,,,
1534,1534.08,0.08,,816,815.88,-0.12,,,,
1014,1014.19,0.19,,742,742.2,0.2,,,,
1668,1667.83,-0.17,,2041,2041.09,0.09,,,,
1237,1237,0,,65,64.67,-0.33,,,,
604,604.36,0.36,,476,475.63,-0.37,,,,
1934,1934.03,0.03,,1696,1696.18,0.18,,,,
845,844.85,-0.15,,90,89.79,-0.21,,,,
1303,1302.86,-0.14,,1305,1304.87,-0.13,,,,
1501,1500.56,-0.44,,1891,1891.15,0.15,,,,
1067,1066.68,-0.32,,2289,2288.78,-0.22,,,,
1277,1276.98,-0.02,,1863,1863.11,0.11,,,,
65,64.97,-0.03,,503,502.68,-0.32,,,,
123,123.25,0.25,,153,152.8,-0.2,,,,
1514,1513.98,-0.02,,540,539.83,-0.17,,,,
572,571.94,-0.06,,1798,1798,0,,,,
659,658.99,-0.01,,1919,1918.91,-0.09,,,,
2042,2042.16,0.16,,1694,1693.84,-0.16,,,,
311,311.13,0.13,,286,285.57,-0.43,,,,
2181,2180.63,-0.37,,1584,1583.77,-0.23,,,,
1149,1148.91,-0.09,,808,807.74,-0.26,,,,
244,243.72,-0.28,,686,686.08,0.08,,,,
1342,1342.39,0.39,,23,23.28,0.28,,,,
2063,2063,0,,1406,1406.17,0.17,,,,
1987,1986.88,-0.12,,1182,1182.11,0.11,,,,
2012,2012.12,0.12,,658,658.06,0.06,,,,
1274,1273.53,-0.47,,1603,1603.1,0.1,,,,
152,152.2,0.2,,2192,2192.08,0.08,,,,
1347,1347.27,0.27,,1224,1223.8,-0.2,,,,
819,819.13,0.13,,2258,2257.66,-0.34,,,,
154,154.01,0.01,,856,856.04,0.04,,,,
1580,1579.72,-0.28,,430,429.88,-0.12,,,,
496,495.58,-0.42,,793,793.33,0.33,,,,
1300,1299.86,-0.14,,711,711,0,,,,
2297,2296.93,-0.07,,2021,2020.95,-0.05,,,,
24,24.09,0.09,,1479,1479.01,0.01,,,,
36,36,0,,205,204.97,-0.03,,,,
1954,1953.8,-0.2,,2289,2289.14,0.14,,,,
1482,1481.65,-0.35,,1984,1984.18,0.18,,,,
2001,2000.92,-0.08,,1867,1867.06,0.06,,,,
1339,1338.9,-0.1,,1977,1976.89,-0.11,,,,
2193,2193.03,0.03,,959,958.79,-0.21,,,,
51,50.84,-0.16,,2114,2114.15,0.15,,,,
404,403.76,-0.24,,2194,2194.38,0.38,,,,
180,180.4,0.4,,430,429.91,-0.09,,,,
1415,1415.24,0.24,,292,291.98,-0.02,,,,
2078,2078.2,0.2,,2016,2015.71,-0.29,,,,
1494,1494.25,0.25,,146,145.75,-0.25,,,,
810,809.88,-0.12,,757,756.96,-0.04,,,,
443,442.99,-0.01,,534,533.66,-0.34,,,,
239,239.45,0.45,,1423,1423.49,0.49,,,,
539,539.27,0.27,,1317,1316.89,-0.11,,,,
1344,1344.22,0.22,,245,245.05,0.05,,,,
993,993.48,0.48,,295,294.84,-0.16,,,,
174,174.43,0.43,,854,853.96,-0.04,,,,
509,509.27,0.27,,1318,1317.86,-0.14,,,,
1826,1826.5,0.5,,1839,1839.04,0.04,,,,
1174,1173.98,-0.02,,263,263.07,0.07,,,,
1686,1686.16,0.16,,939,938.59,-0.41,,,,
344,343.71,-0.29,,1189,1188.74,-0.26,,,,
1120,1120.48,0.48,,2065,2065.22,0.22,,,,
1262,1261.78,-0.22,,317,317.1,0.1,,,,
1560,1560.19,0.19,,948,947.96,-0.04,,,,
385,384.99,-0.01,,591,590.79,-0.21,,,,
1248,1247.78,-0.22,,559,558.64,-0.36,,,,
1411,1410.93,-0.07,,2146,2145.9,-0.1,,,,
1771,1771.33,0.33,,2136,2136.06,0.06,,,,
1104,1104.15,0.15,,967,966.95,-0.05,,,,
1662,1661.91,-0.09,,187,186.85,-0.15,,,,
1377,1376.74,-0.26,,1569,1568.73,-0.27,,,,
1812,1811.89,-0.11,,961,961.15,0.15,,,,
1396,1396.09,0.09,,701,700.72,-0.28,,,,
147,146.98,-0.02,,458,458.09,0.09,,,,
1635,1635.05,0.05,,1222,1222.2,0.2,,,,
1182,1181.99,-0.01,,1343,1342.97,-0.03,,,,
2007,2006.66,-0.34,,113,113.07,0.07,,,,
1391,1391.3,0.3,,281,281.05,0.05,,,,
140,139.92,-0.08,,984,983.97,-0.03,,,,
1057,1056.56,-0.44,,317,316.73,-0.27,,,,
1091,1090.83,-0.17,,1791,1791.24,0.24,,,,
603,602.87,-0.13,,382,381.81,-0.19,,,,
1427,1427.24,0.24,,799,798.55,-0.45,,,,
2254,2253.52,-0.48,,1724,1723.93,-0.07,,,,
1660,1660.01,0.01,,604,604.08,0.08,,,,
801,800.99,-0.01,,856,856.06,0.06,,,,
934,934.12,0.12,,436,436.07,0.07,,,,
750,749.97,-0.03,,221,221,0,,,,
1733,1732.92,-0.08,,327,326.79,-0.21,,,,
1633,1633.18,0.18,,372,371.91,-0.09,,,,
2251,2251.37,0.37,,875,874.99,-0.01,,,,
1415,1415.04,0.04,,438,437.83,-0.17,,,,
1496,1495.98,-0.02,,337,337.03,0.03,,,,
816,816.01,0.01,,838,837.62,-0.38,,,,
1174,1173.72,-0.28,,391,390.96,-0.04,,,,
875,875.13,0.13,,1948,1947.6,-0.4,,,,
1263,1262.88,-0.12,,944,943.79,-0.21,,,,
551,550.6,-0.4,,159,158.75,-0.25,,,,
2108,2108.28,0.28,,275,275.07,0.07,,,,
1332,1332.01,0.01,,142,141.92,-0.08,,,,
1837,1836.68,-0.32,,2110,2110.05,0.05,,,,
1513,1513.13,0.13,,727,726.82,-0.18,,,,
464,463.69,-0.31,,1355,1354.99,-0.01,,,,
1154,1154.09,0.09,,1635,1634.73,-0.27,,,,
2053,2053.19,0.19,,347,346.55,-0.45,,,,
612,612.38,0.38,,1746,1745.89,-0.11,,,,
1563,1563.01,0.01,,1951,1950.86,-0.14,,,,
1698,1698.21,0.21,,348,348.08,0.08,,,,
1574,1573.99,-0.01,,523,523.1,0.1,,,,
77,77.09,0.09,,270,269.95,-0.05,,,,
373,372.59,-0.41,,120,120.13,0.13,,,,
2220,2220.18,0.18,,448,447.79,-0.21,,,,
1412,1411.86,-0.14,,109,109.04,0.04,,,,
751,750.95,-0.05,,671,670.8,-0.2,,,,
1521,1520.81,-0.19,,2124,2124.47,0.47,,,,
888,888.13,0.13,,2033,2032.97,-0.03,,,,
2144,2143.98,-0.02,,1635,1634.73,-0.27,,,,
454,454.02,0.02,,1807,1807.13,0.13,,,,
252,252.23,0.23,,999,999.05,0.05,,,,
1795,1795.46,0.46,,258,257.53,-0.47,,,,
1875,1874.66,-0.34,,1899,1899.03,0.03,,,,
52,51.87,-0.13,,411,410.77,-0.23,,,,
1995,1994.59,-0.41,,1689,1688.86,-0.14,,,,
1171,1170.98,-0.02,,1577,1576.78,-0.22,,,,
320,319.84,-0.16,,1558,1557.85,-0.15,,,,
1534,1534.1,0.1,,501,500.82,-0.18,,,,
22,22.07,0.07,,1920,1920.24,0.24,,,,
316,315.91,-0.09,,1833,1833.03,0.03,,,,
670,669.83,-0.17,,1773,1772.84,-0.16,,,,
1027,1027.17,0.17,,1269,1268.77,-0.23,,,,
315,314.96,-0.04,,677,677.15,0.15,,,,
1801,1801.06,0.06,,1892,1892.24,0.24,,,,
542,542.11,0.11,,1508,1508.18,0.18,,,,
1701,1701.22,0.22,,1600,1599.62,-0.38,,,,
118,118.05,0.05,,1432,1432,0,,,,
228,228.08,0.08,,1473,1472.88,-0.12,,,,
1334,1334.14,0.14,,1890,1890.28,0.28,,,,
1284,1284.19,0.19,,1405,1404.96,-0.04,,,,
336,335.82,-0.18,,1442,1442.1,0.1,,,,
1048,1047.51,-0.49,,2183,2183.11,0.11,,,,
426,426.16,0.16,,2097,2097.23,0.23,,,,
185,185.4,0.4,,2125,2124.91,-0.09,,,,
2171,2170.55,-0.45,,54,54.15,0.15,,,,
615,614.58,-0.42,,1303,1303.08,0.08,,,,
1695,1695.05,0.05,,832,832.05,0.05,,,,
2242,2241.83,-0.17,,1013,1013.2,0.2,,,,
625,624.94,-0.06,,1840,1840.25,0.25,,,,
794,793.69,-0.31,,1951,1950.82,-0.18,,,,
398,398.05,0.05,,166,165.99,-0.01,,,,
1004,1003.82,-0.18,,986,986.02,0.02,,,,
183,183.5,0.5,,448,447.77,-0.23,,,,
1202,1201.7,-0.3,,816,816.39,0.39,,,,
1374,1374.04,0.04,,937,936.9,-0.1,,,,
16,16.01,0.01,,258,258.43,0.43,,,,
2155,2154.65,-0.35,,1836,1836,0,,,,
65,64.83,-0.17,,1521,1520.67,-0.33,,,,
645,645.16,0.16,,1852,1851.8,-0.2,,,,
431,430.91,-0.09,,1548,1548.05,0.05,,,,
235,235.07,0.07,,1345,1344.77,-0.23,,,,
870,869.75,-0.25,,509,508.99,-0.01,,,,
1571,1570.73,-0.27,,1508,1508.18,0.18,,,,
994,993.93,-0.07,,759,758.86,-0.14,,,,
563,562.95,-0.05,,264,264.22,0.22,,,,
1345,1344.85,-0.15,,1485,1485.05,0.05,,,,
2096,2096.21,0.21,,484,483.91,-0.09,,,,
1149,1149.05,0.05,,684,683.95,-0.05,,,,
2087,2087.26,0.26,,2190,2190.43,0.43,,,,
1535,1534.95,-0.05,,1863,1863.05,0.05,,,,
1532,1532.24,0.24,,2200,2199.7,-0.3,,,,
1555,1554.76,-0.24,,1541,1540.83,-0.17,,,,
345,344.94,-0.06,,798,797.84,-0.16,,,,
588,588.35,0.35,,1635,1634.69,-0.31,,,,
652,651.73,-0.27,,1070,1070.29,0.29,,,,
683,683.3,0.3,,1719,1719.46,0.46,,,,
1395,1395.17,0.17,,2087,2087.42,0.42,,,,
1167,1166.89,-0.11,,843,842.74,-0.26,,,,
1016,1015.66,-0.34,,788,787.9,-0.1,,,,
1955,1954.97,-0.03,,1468,1468.06,0.06,,,,
1806,1806,0,,1336,1335.62,-0.38,,,,
677,676.85,-0.15,,296,296.11,0.11,,,,
133,132.91,-0.09,,1353,1352.79,-0.21,,,,
1409,1408.65,-0.35,,270,269.95,-0.05,,,,
1810,1810.4,0.4,,1858,1857.63,-0.37,,,,
588,588.47,0.47,,353,353.14,0.14,,,,
758,758.07,0.07,,1965,1964.55,-0.45,,,,
225,225.27,0.27,,1383,1382.93,-0.07,,,,
486,486.41,0.41,,1175,1174.89,-0.11,,,,
498,498.02,0.02,,1348,1347.67,-0.33,,,,
1772,1771.71,-0.29,,1222,1221.96,-0.04,,,,
515,515.12,0.12,,748,748.45,0.45,,,,
126,126.15,0.15,,167,166.89,-0.11,,,,
1215,1214.76,-0.24,,1179,1178.98,-0.02,,,,
1009,1009.43,0.43,,502,502.05,0.05,,,,
1014,1013.78,-0.22,,728,727.51,-0.49,,,,
309,308.85,-0.15,,1963,1963.26,0.26,,,,
2173,2172.79,-0.21,,1545,1544.76,-0.24,,,,
1578,1577.99,-0.01,,1037,1037.05,0.05,,,,
1321,1320.92,-0.08,,718,718.13,0.13,,,,
1526,1525.69,-0.31,,790,789.96,-0.04,,,,
1553,1553.13,0.13,,2111,2110.78,-0.22,,,,
1181,1181.04,0.04,,433,432.79,-0.21,,,,
2200,2200.35,0.35,,415,414.71,-0.29,,,,
257,256.84,-0.16,,1047,1046.68,-0.32,,,,
1845,1844.81,-0.19,,882,881.72,-0.28,,,,
641,640.81,-0.19,,1584,1583.89,-0.11,,,,
1092,1091.92,-0.08,,28,27.78,-0.22,,,,
319,318.89,-0.11,,888,887.93,-0.07,,,,
690,689.95,-0.05,,46,46.04,0.04,,,,
2019,2018.8,-0.2,,324,324.21,0.21,,,,
1528,1528.17,0.17,,644,643.81,-0.19,,,,
1545,1544.94,-0.06,,1848,1848.17,0.17,,,,
2008,2007.89,-0.11,,1098,1098.25,0.25,,,,
242,241.9,-0.1,,1281,1281.23,0.23,,,,
376,375.7,-0.3,,1745,1745.42,0.42,,,,
1919,1919.05,0.05,,2100,2099.75,-0.25,,,,
1310,1309.69,-0.31,,181,180.88,-0.12,,,,
368,367.98,-0.02,,857,856.93,-0.07,,,,
1914,1914.17,0.17,,1614,1614.13,0.13,,,,
851,851.22,0.22,,1026,1026.08,0.08,,,,
1702,1702.02,0.02,,1282,1282.03,0.03,,,,
1266,1265.54,-0.46,,90,89.85,-0.15,,,,
141,140.95,-0.05,,1173,1172.73,-0.27,,,,
58,58.04,0.04,,915,914.7,-0.3,,,,
2174,2174.22,0.22,,1574,1573.89,-0.11,,,,
1542,1541.92,-0.08,,391,390.96,-0.04,,,,
398,398.11,0.11,,1397,1396.98,-0.02,,,,
814,813.79,-0.21,,1719,1719.26,0.26,,,,
2068,2068.2,0.2,,523,523.06,0.06,,,,
1094,1093.87,-0.13,,437,436.74,-0.26,,,,
1140,1139.67,-0.33,,1653,1652.87,-0.13,,,,
822,821.95,-0.05,,98,97.73,-0.27,,,,
899,899.34,0.34,,359,358.76,-0.24,,,,
323,322.94,-0.06,,221,221.02,0.02,,,,
2043,2042.76,-0.24,,741,741.04,0.04,,,,
487,486.81,-0.19,,2105,2105.04,0.04,,,,
1317,1316.75,-0.25,,1674,1673.78,-0.22,,,,
966,966.01,0.01,,194,193.77,-0.23,,,,
799,799.01,0.01,,454,453.75,-0.25,,,,
1874,1874.12,0.12,,1393,1392.99,-0.01,,,,
121,121.05,0.05,,1654,1653.8,-0.2,,,,
422,422.08,0.08,,164,164.21,0.21,,,,
376,375.84,-0.16,,796,795.85,-0.15,,,,
845,845.17,0.17,,1836,1836.12,0.12,,,,
597,597.02,0.02,,91,90.82,-0.18,,,,
1933,1933.02,0.02,,1291,1290.62,-0.38,,,,
1240,1240.1,0.1,,1719,1718.73,-0.27,,,,
1147,1146.99,-0.01,,1546,1546.01,0.01,,,,
631,630.57,-0.43,,1095,1095.06,0.06,,,,
223,222.96,-0.04,,1871,1870.75,-0.25,,,,
979,979.37,0.37,,837,836.89,-0.11,,,,
976,975.82,-0.18,,1356,1355.76,-0.24,,,,
1640,1639.97,-0.03,,1257,1256.84,-0.16,,,,
1169,1168.9,-0.1,,994,994.05,0.05,,,,
2158,2158.15,0.15,,509,508.97,-0.03,,,,
651,651.27,0.27,,1730,1729.9,-0.1,,,,
155,155.46,0.46,,2084,2083.69,-0.31,,,,
1330,1329.91,-0.09,,1098,1098.25,0.25,,,,
1829,1829.06,0.06,,2056,2055.85,-0.15,,,,
1588,1587.84,-0.16,,567,566.68,-0.32,,,,
710,709.79,-0.21,,485,484.66,-0.34,,,,
1403,1402.7,-0.3,,557,557.13,0.13,,,,
1929,1928.83,-0.17,,1029,1029.2,0.2,,,,
1457,1456.97,-0.03,,503,502.74,-0.26,,,,
11,11.03,0.03,,1814,1813.66,-0.34,,,,
720,720.05,0.05,,983,983.06,0.06,,,,
2073,2073.02,0.02,,204,204.27,0.27,,,,
263,263.13,0.13,,1626,1626.18,0.18,,,,
1007,1007.43,0.43,,2117,2117.07,0.07,,,,
788,788.03,0.03,,1823,1823.18,0.18,,,,
1023,1023.32,0.32,,155,154.78,-0.22,,,,
1463,1462.88,-0.12,,1329,1328.8,-0.2,,,,
1087,1086.76,-0.24,,55,54.79,-0.21,,,,
1703,1702.75,-0.25,,1487,1486.77,-0.23,,,,
1648,1647.94,-0.06,,786,785.99,-0.01,,,,
1864,1864.3,0.3,,1441,1440.93,-0.07,,,,
1422,1422.42,0.42,,816,815.76,-0.24,,,,
1892,1891.7,-0.3,,2022,2021.66,-0.34,,,,
1882,1882.48,0.48,,1022,1022.03,0.03,,,,
2198,2198.17,0.17,,132,132.3,0.3,,,,
329,328.77,-0.23,,1153,1152.64,-0.36,,,,
741,740.89,-0.11,,79,78.92,-0.08,,,,
1132,1132.09,0.09,,703,702.55,-0.45,,,,
1396,1395.97,-0.03,,1950,1949.73,-0.27,,,,
1910,1910.24,0.24,,1251,1250.67,-0.33,,,,
810,809.86,-0.14,,1823,1823.12,0.12,,,,
1406,1406.39,0.39,,2138,2137.75,-0.25,,,,
1231,1230.95,-0.05,,526,525.72,-0.28,,,,
1046,1045.96,-0.04,,22,21.67,-0.33,,,,
1735,1734.86,-0.14,,1426,1426.15,0.15,,,,
1310,1309.71,-0.29,,1337,1336.68,-0.32,,,,
161,161.45,0.45,,1073,1073.03,0.03,,,,
1755,1755.34,0.34,,1142,1142.19,0.19,,,,
1206,1205.88,-0.12,,777,776.96,-0.04,,,,
293,292.7,-0.3,,1177,1176.89,-0.11,,,,
1197,1197.01,0.01,,1189,1188.74,-0.26,,,,
928,927.99,-0.01,,1179,1178.98,-0.02,,,,
2057,2056.9,-0.1,,1483,1482.8,-0.2,,,,
927,926.94,-0.06,,347,346.73,-0.27,,,,
1285,1284.9,-0.1,,1225,1224.97,-0.03,,,,
1340,1340.45,0.45,,1300,1299.84,-0.16,,,,
1951,1950.62,-0.38,,64,64.06,0.06,,,,
1026,1026.5,0.5,,178,178.4,0.4,,,,
1265,1264.72,-0.28,,682,682.13,0.13,,,,
2064,2064.19,0.19,,1937,1937.33,0.33,,,,
417,416.94,-0.06,,1597,1596.81,-0.19,,,,
744,743.76,-0.24,,1059,1058.98,-0.02,,,,
898,898.07,0.07,,1120,1119.86,-0.14,,,,
501,500.86,-0.14,,565,565.27,0.27,,,,
801,800.54,-0.46,,839,838.54,-0.46,,,,
2000,1999.85,-0.15,,1928,1928.48,0.48,,,,
1388,1387.85,-0.15,,100,99.66,-0.34,,,,
349,349.09,0.09,,2177,2176.92,-0.08,,,,
291,291.46,0.46,,856,856.12,0.12,,,,
1821,1821.36,0.36,,538,537.86,-0.14,,,,
1498,1498.26,0.26,,1220,1219.7,-0.3,,,,
8,8.16,0.16,,1275,1274.6,-0.4,,,,
375,375.01,0.01,,180,180.16,0.16,,,,
1737,1737.02,0.02,,332,331.95,-0.05,,,,
1814,1814.04,0.04,,437,436.54,-0.46,,,,
2250,2250.28,0.28,,1042,1042.04,0.04,,,,
1678,1677.89,-0.11,,2006,2005.63,-0.37,,,,
162,161.73,-0.27,,1543,1543.07,0.07,,,,
168,168.2,0.2,,508,507.86,-0.14,,,,
1216,1215.65,-0.35,,1313,1312.92,-0.08,,,,
293,292.68,-0.32,,167,167.01,0.01,,,,
2170,2170.01,0.01,,1586,1585.83,-0.17,,,,
1405,1404.78,-0.22,,2032,2032.44,0.44,,,,
2030,2030.09,0.09,,515,514.93,-0.07,,,,
803,802.94,-0.06,,1039,1039.28,0.28,,,,
1532,1531.96,-0.04,,519,518.62,-0.38,,,,
1903,1903.11,0.11,,2194,2193.65,-0.35,,,,
2265,2264.79,-0.21,,1140,1139.77,-0.23,,,,
97,97.08,0.08,,83,82.71,-0.29,,,,
153,152.92,-0.08,,2248,2247.9,-0.1,,,,
1419,1419.42,0.42,,708,707.93,-0.07,,,,
2005,2005.07,0.07,,4,3.91,-0.09,,,,
397,397.01,0.01,,1295,1295.26,0.26,,,,
506,506.35,0.35,,247,246.98,-0.02,,,,
185,185.48,0.48,,1019,1018.74,-0.26,,,,
1040,1040.19,0.19,,1307,1307.15,0.15,,,,
224,224.12,0.12,,135,134.7,-0.3,,,,
45,44.93,-0.07,,158,158.12,0.12,,,,
512,511.91,-0.09,,189,189.11,0.11,,,,
1375,1374.99,-0.01,,2272,2272.11,0.11,,,,
582,582.04,0.04,,1687,1686.74,-0.26,,,,
1890,1889.92,-0.08,,1762,1762.13,0.13,,,,
1645,1645.13,0.13,,1595,1595.16,0.16,,,,
284,283.96,-0.04,,1591,1591.11,0.11,,,,
1163,1162.53,-0.47,,245,244.99,-0.01,,,,
1443,1442.54,-0.46,,2125,2124.67,-0.33,,,,
1554,1553.94,-0.06,,1396,1396.05,0.05,,,,
1108,1108.11,0.11,,2178,2178.15,0.15,,,,
724,724,0,,1521,1520.81,-0.19,,,,
1501,1501.24,0.24,,1298,1297.72,-0.28,,,,
188,188.3,0.3,,1514,1513.8,-0.2,,,,
245,245.29,0.29,,995,994.79,-0.21,,,,
998,997.8,-0.2,,2142,2142.09,0.09,,,,
746,745.87,-0.13,,2046,2046.13,0.13,,,,
2,1.89,-0.11,,833,832.9,-0.1,,,,
2165,2164.87,-0.13,,1951,1950.88,-0.12,,,,
1886,1886.11,0.11,,1941,1941.04,0.04,,,,
1464,1463.68,-0.32,,2285,2284.89,-0.11,,,,
86,86.02,0.02,,796,795.81,-0.19,,,,
455,454.88,-0.12,,1246,1245.65,-0.35,,,,
877,876.62,-0.38,,663,662.78,-0.22,,,,
831,831.14,0.14,,2080,2079.92,-0.08,,,,
258,258.35,0.35,,1131,1131.05,0.05,,,,
2276,2276.22,0.22,,1557,1557.04,0.04,,,,
570,570.45,0.45,,1403,1403.09,0.09,,,,
1238,1238.17,0.17,,2222,2222.2,0.2,,,,
749,748.68,-0.32,,653,653.16,0.16,,,,
74,73.94,-0.06,,1145,1144.61,-0.39,,,,
1697,1697.34,0.34,,1109,1108.65,-0.35,,,,
1815,1815.11,0.11,,163,162.76,-0.24,,,,
1477,1477.07,0.07,,668,667.7,-0.3,,,,
8,8.1,0.1,,627,626.82,-0.18,,,,
1427,1427.14,0.14,,432,432.14,0.14,,,,
1571,1571.01,0.01,,841,840.6,-0.4,,,,
1244,1243.98,-0.02,,1411,1410.81,-0.19,,,,
1779,1779.21,0.21,,1002,1001.99,-0.01,,,,
234,233.88,-0.12,,1980,1980.19,0.19,,,,
981,980.88,-0.12,,1090,1090.14,0.14,,,,
573,573.15,0.15,,485,484.7,-0.3,,,,
913,913.13,0.13,,1829,1828.54,-0.46,,,,
77,77.03,0.03,,1534,1533.98,-0.02,,,,
1187,1186.99,-0.01,,46,45.9,-0.1,,,,
196,196.35,0.35,,2022,2021.54,-0.46,,,,
1864,1864.18,0.18,,970,970.08,0.08,,,,
681,681.16,0.16,,2029,2028.82,-0.18,,,,
60,59.91,-0.09,,71,70.82,-0.18,,,,
1004,1003.58,-0.42,,934,933.93,-0.07,,,,
700,700.46,0.46,,409,408.84,-0.16,,,,
615,614.76,-0.24,,1,0.91,-0.09,,,,
1242,1241.76,-0.24,,699,698.86,-0.14,,,,
2098,2098.34,0.34,,1967,1966.79,-0.21,,,,
2272,2272.13,0.13,,1392,1391.8,-0.2,,,,
721,720.88,-0.12,,1052,1052.39,0.39,,,,
1356,1356.12,0.12,,1824,1823.8,-0.2,,,,
1696,1695.87,-0.13,,14,13.79,-0.21,,,,
913,913.05,0.05,,1309,1308.83,-0.17,,,,
923,923.09,0.09,,354,353.87,-0.13,,,,
1746,1745.95,-0.05,,1832,1832.07,0.07,,,,
441,440.77,-0.23,,643,643.02,0.02,,,,
1758,1758.24,0.24,,402,401.72,-0.28,,,,
1476,1475.64,-0.36,,1558,1558.11,0.11,,,,
2009,2009.38,0.38,,243,243.01,0.01,,,,
1609,1609.03,0.03,,149,148.85,-0.15,,,,
957,957.3,0.3,,79,78.88,-0.12,,,,
896,895.97,-0.03,,858,858.02,0.02,,,,
1482,1482.09,0.09,,91,90.86,-0.14,,,,
2001,2000.57,-0.43,,1715,1715,0,,,,
2123,2122.67,-0.33,,162,161.71,-0.29,,,,
1428,1428.15,0.15,,1442,1442.03,0.03,,,,
2093,2093.32,0.32,,1977,1976.87,-0.13,,,,
1161,1160.94,-0.06,,1769,1768.99,-0.01,,,,
2099,2098.79,-0.21,,543,542.57,-0.43,,,,
1792,1792.21,0.21,,1508,1508.18,0.18,,,,
1490,1490.42,0.42,,648,648.08,0.08,,,,
42,41.95,-0.05,,1064,1064.12,0.12,,,,
972,971.85,-0.15,,2242,2242.07,0.07,,,,
1615,1615.12,0.12,,263,263.01,0.01,,,,
1898,1898.09,0.09,,821,821.43,0.43,,,,
1221,1220.97,-0.03,,1165,1164.81,-0.19,,,,
2206,2206.03,0.03,,1041,1041,0,,,,
1966,1966,0,,703,702.53,-0.47,,,,
320,319.72,-0.28,,1143,1143.18,0.18,,,,
44,43.99,-0.01,,850,850.13,0.13,,,,
1799,1798.99,-0.01,,2234,2233.57,-0.43,,,,
573,573.41,0.41,,2106,2105.64,-0.36,,,,
96,96.22,0.22,,1856,1856.03,0.03,,,,
1738,1737.74,-0.26,,1370,1370.15,0.15,,,,
1502,1502.21,0.21,,1664,1663.58,-0.42,,,,
1094,1094.03,0.03,,1184,1183.94,-0.06,,,,
1393,1392.75,-0.25,,338,337.88,-0.12,,,,
533,533.14,0.14,,2071,2070.95,-0.05,,,,
894,894.24,0.24,,39,39.11,0.11,,,,
326,326.13,0.13,,1543,1543.31,0.31,,,,
1444,1444.21,0.21,,229,229,0,,,,
385,384.85,-0.15,,1255,1255.4,0.4,,,,
416,416.02,0.02,,2228,2228.14,0.14,,,,
2061,2060.95,-0.05,,751,750.89,-0.11,,,,
1825,1824.91,-0.09,,1872,1872.16,0.16,,,,
239,239.04,0.04,,875,875.19,0.19,,,,
2227,2227,0,,2275,2275.32,0.32,,,,
20,20,0,,1074,1074.08,0.08,,,,
445,444.78,-0.22,,770,769.98,-0.02,,,,
340,339.8,-0.2,,558,557.75,-0.25,,,,
1131,1130.99,-0.01,,685,685.2,0.2,,,,
517,517.31,0.31,,229,228.94,-0.06,,,,
1043,1042.67,-0.33,,562,561.78,-0.22,,,,
1443,1443.35,0.35,,712,712.37,0.37,,,,
530,530.32,0.32,,882,881.64,-0.36,,,,
2254,2254.05,0.05,,920,920.21,0.21,,,,
1937,1936.95,-0.05,,986,985.78,-0.22,,,,
1070,1070.31,0.31,,2129,2128.58,-0.42,,,,
1378,1378.29,0.29,,2294,2293.96,-0.04,,,,
125,124.86,-0.14,,3,3,0,,,,
382,381.97,-0.03,,451,451.25,0.25,,,,
605,605.1,0.1,,258,257.81,-0.19,,,,
2266,2266.22,0.22,,261,261.1,0.1,,,,
417,417,0,,2266,2265.96,-0.04,,,,
1506,1506.14,0.14,,539,538.96,-0.04,,,,
1437,1436.69,-0.31,,2048,2048.07,0.07,,,,
2246,2245.86,-0.14,,1161,1160.76,-0.24,,,,
61,60.94,-0.06,,216,216.14,0.14,,,,
150,150.16,0.16,,347,346.59,-0.41,,,,
1795,1795.46,0.46,,1516,1515.63,-0.37,,,,
1916,1915.54,-0.46,,2299,2299.1,0.1,,,,
1765,1765.02,0.02,,2079,2078.87,-0.13,,,,
388,387.98,-0.02,,920,920.06,0.06,,,,
1054,1053.8,-0.2,,1800,1799.89,-0.11,,,,
1767,1767.48,0.48,,1977,1976.89,-0.11,,,,
1620,1619.96,-0.04,,1010,1009.99,-0.01,,,,
1912,1912.26,0.26,,1432,1432.3,0.3,,,,
1923,1922.92,-0.08,,1056,1055.81,-0.19,,,,
1910,1910.02,0.02,,1077,1077.32,0.32,,,,
2172,2172.47,0.47,,710,710.25,0.25,,,,
55,55.01,0.01,,1518,1517.99,-0.01,,,,
1723,1723.25,0.25,,1077,1076.76,-0.24,,,,
276,276.34,0.34,,1998,1998.44,0.44,,,,
1463,1463.04,0.04,,1887,1886.72,-0.28,,,,
968,967.74,-0.26,,1800,1800.15,0.15,,,,
2196,2196.33,0.33,,1705,1704.76,-0.24,,,,
1232,1232.16,0.16,,2203,2203.01,0.01,,,,
2006,2005.75,-0.25,,59,58.68,-0.32,,,,
1680,1680.05,0.05,,1148,1147.86,-0.14,,,,
1659,1659.2,0.2,,516,515.78,-0.22,,,,
189,188.58,-0.42,,738,738.35,0.35,,,,
1278,1277.58,-0.42,,1534,1534.1,0.1,,,,
1569,1569.05,0.05,,1566,1566.17,0.17,,,,
253,253.07,0.07,,1384,1383.78,-0.22,,,,
2202,2201.74,-0.26,,967,966.99,-0.01,,,,
457,456.84,-0.16,,1785,1785.02,0.02,,,,
2133,2132.77,-0.23,,1190,1190.13,0.13,,,,
981,981.04,0.04,,1106,1106.21,0.21,,,,
1167,1166.63,-0.37,,894,893.86,-0.14,,,,
629,629.05,0.05,,1601,1600.68,-0.32,,,,
1198,1198.09,0.09,,1412,1411.96,-0.04,,,,
695,694.97,-0.03,,1600,1599.66,-0.34,,,,
25,25.12,0.12,,1288,1288.04,0.04,,,,
301,300.89,-0.11,,1182,1182.05,0.05,,,,
979,979.09,0.09,,1940,1940.26,0.26,,,,
1883,1882.64,-0.36,,645,645.18,0.18,,,,